index,lang_id
1,afr
2,eng
3,nso
4,nbl
5,sot
6,ssw
7,tsn
8,tso
9,ven
10,xho
11,zul
12,afr
13,eng
14,nso
15,nbl
16,sot
17,ssw
18,tsn
19,tso
20,ven
21,xho
22,zul
23,afr
24,eng
25,nso
26,nbl
27,sot
28,ssw
29,tsn
30,tso
31,ven
32,xho
33,zul
34,afr
35,eng
36,nso
37,nbl
38,sot
39,ssw
40,tsn
41,tso
42,ven
43,xho
44,zul
45,afr
46,eng
47,nso
48,nbl
49,sot
50,ssw
51,tsn
52,tso
53,ven
54,xho
55,zul
56,afr
57,eng
58,nso
59,nbl
60,sot
61,ssw
62,tsn
63,tso
64,ven
65,xho
66,zul
67,afr
68,eng
69,nso
70,nbl
71,sot
72,ssw
73,tsn
74,tso
75,ven
76,xho
77,zul
78,afr
79,eng
80,nso
81,nbl
82,sot
83,ssw
84,tsn
85,tso
86,ven
87,xho
88,zul
89,afr
90,eng
91,nso
92,nbl
93,sot
94,ssw
95,tsn
96,tso
97,ven
98,xho
99,zul
100,afr
101,eng
102,nso
103,nbl
104,sot
105,ssw
106,tsn
107,tso
108,ven
109,xho
110,zul
111,afr
112,eng
113,nso
114,nbl
115,sot
116,ssw
117,tsn
118,tso
119,ven
120,xho
121,zul
122,afr
123,eng
124,nso
125,nbl
126,sot
127,ssw
128,tsn
129,tso
130,ven
131,xho
132,zul
133,afr
134,eng
135,nso
136,nbl
137,sot
138,ssw
139,tsn
140,tso
141,ven
142,xho
143,zul
144,afr
145,eng
146,nso
147,nbl
148,sot
149,ssw
150,tsn
151,tso
152,ven
153,xho
154,zul
155,afr
156,eng
157,nso
158,nbl
159,sot
160,ssw
161,tsn
162,tso
163,ven
164,xho
165,zul
166,afr
167,eng
168,nso
169,nbl
170,sot
171,ssw
172,tsn
173,tso
174,ven
175,xho
176,zul
177,afr
178,eng
179,nso
180,nbl
181,sot
182,ssw
183,tsn
184,tso
185,ven
186,xho
187,zul
188,afr
189,eng
190,nso
191,nbl
192,sot
193,ssw
194,tsn
195,tso
196,ven
197,xho
198,zul
199,afr
200,eng
201,nso
202,nbl
203,sot
204,ssw
205,tsn
206,tso
207,ven
208,xho
209,zul
210,afr
211,eng
212,nso
213,nbl
214,sot
215,ssw
216,tsn
217,tso
218,ven
219,xho
220,zul
221,afr
222,eng
223,nso
224,nbl
225,sot
226,ssw
227,tsn
228,tso
229,ven
230,xho
231,zul
232,afr
233,eng
234,nso
235,nbl
236,sot
237,ssw
238,tsn
239,tso
240,ven
241,xho
242,zul
243,afr
244,eng
245,nso
246,nbl
247,sot
248,ssw
249,tsn
250,tso
251,ven
252,xho
253,zul
254,afr
255,eng
256,nso
257,nbl
258,sot
259,ssw
260,tsn
261,tso
262,ven
263,xho
264,zul
265,afr
266,eng
267,nso
268,nbl
269,sot
270,ssw
271,tsn
272,tso
273,ven
274,xho
275,zul
276,afr
277,eng
278,nso
279,nbl
280,sot
281,ssw
282,tsn
283,tso
284,ven
285,xho
286,zul
287,afr
288,eng
289,nso
290,nbl
291,sot
292,ssw
293,tsn
294,tso
295,ven
296,xho
297,zul
298,afr
299,eng
300,nso
301,nbl
302,sot
303,ssw
304,tsn
305,tso
306,ven
307,xho
308,zul
309,afr
310,eng
311,nso
312,nbl
313,sot
314,ssw
315,tsn
316,tso
317,ven
318,xho
319,zul
320,afr
321,eng
322,nso
323,nbl
324,sot
325,ssw
326,tsn
327,tso
328,ven
329,xho
330,zul
331,afr
332,eng
333,nso
334,nbl
335,sot
336,ssw
337,tsn
338,tso
339,ven
340,xho
341,zul
342,afr
343,eng
344,nso
345,nbl
346,sot
347,ssw
348,tsn
349,tso
350,ven
351,xho
352,zul
353,afr
354,eng
355,nso
356,nbl
357,sot
358,ssw
359,tsn
360,tso
361,ven
362,xho
363,zul
364,afr
365,eng
366,nso
367,nbl
368,sot
369,ssw
370,tsn
371,tso
372,ven
373,xho
374,zul
375,afr
376,eng
377,nso
378,nbl
379,sot
380,ssw
381,tsn
382,tso
383,ven
384,xho
385,zul
386,afr
387,eng
388,nso
389,nbl
390,sot
391,ssw
392,tsn
393,tso
394,ven
395,xho
396,zul
397,afr
398,eng
399,nso
400,nbl
401,sot
402,ssw
403,tsn
404,tso
405,ven
406,xho
407,zul
408,afr
409,eng
410,nso
411,nbl
412,sot
413,ssw
414,tsn
415,tso
416,ven
417,xho
418,zul
419,afr
420,eng
421,nso
422,nbl
423,sot
424,ssw
425,tsn
426,tso
427,ven
428,xho
429,zul
430,afr
431,eng
432,nso
433,nbl
434,sot
435,ssw
436,tsn
437,tso
438,ven
439,xho
440,zul
441,afr
442,eng
443,nso
444,nbl
445,sot
446,ssw
447,tsn
448,tso
449,ven
450,xho
451,zul
452,afr
453,eng
454,nso
455,nbl
456,sot
457,ssw
458,tsn
459,tso
460,ven
461,xho
462,zul
463,afr
464,eng
465,nso
466,nbl
467,sot
468,ssw
469,tsn
470,tso
471,ven
472,xho
473,zul
474,afr
475,eng
476,nso
477,nbl
478,sot
479,ssw
480,tsn
481,tso
482,ven
483,xho
484,zul
485,afr
486,eng
487,nso
488,nbl
489,sot
490,ssw
491,tsn
492,tso
493,ven
494,xho
495,zul
496,afr
497,eng
498,nso
499,nbl
500,sot
501,ssw
502,tsn
503,tso
504,ven
505,xho
506,zul
507,afr
508,eng
509,nso
510,nbl
511,sot
512,ssw
513,tsn
514,tso
515,ven
516,xho
517,zul
518,afr
519,eng
520,nso
521,nbl
522,sot
523,ssw
524,tsn
525,tso
526,ven
527,xho
528,zul
529,afr
530,eng
531,nso
532,nbl
533,sot
534,ssw
535,tsn
536,tso
537,ven
538,xho
539,zul
540,afr
541,eng
542,nso
543,nbl
544,sot
545,ssw
546,tsn
547,tso
548,ven
549,xho
550,zul
551,afr
552,eng
553,nso
554,nbl
555,sot
556,ssw
557,tsn
558,tso
559,ven
560,xho
561,zul
562,afr
563,eng
564,nso
565,nbl
566,sot
567,ssw
568,tsn
569,tso
570,ven
571,xho
572,zul
573,afr
574,eng
575,nso
576,nbl
577,sot
578,ssw
579,tsn
580,tso
581,ven
582,xho
583,zul
584,afr
585,eng
586,nso
587,nbl
588,sot
589,ssw
590,tsn
591,tso
592,ven
593,xho
594,zul
595,afr
596,eng
597,nso
598,nbl
599,sot
600,ssw
601,tsn
602,tso
603,ven
604,xho
605,zul
606,afr
607,eng
608,nso
609,nbl
610,sot
611,ssw
612,tsn
613,tso
614,ven
615,xho
616,zul
617,afr
618,eng
619,nso
620,nbl
621,sot
622,ssw
623,tsn
624,tso
625,ven
626,xho
627,zul
628,afr
629,eng
630,nso
631,nbl
632,sot
633,ssw
634,tsn
635,tso
636,ven
637,xho
638,zul
639,afr
640,eng
641,nso
642,nbl
643,sot
644,ssw
645,tsn
646,tso
647,ven
648,xho
649,zul
650,afr
651,eng
652,nso
653,nbl
654,sot
655,ssw
656,tsn
657,tso
658,ven
659,xho
660,zul
661,afr
662,eng
663,nso
664,nbl
665,sot
666,ssw
667,tsn
668,tso
669,ven
670,xho
671,zul
672,afr
673,eng
674,nso
675,nbl
676,sot
677,ssw
678,tsn
679,tso
680,ven
681,xho
682,zul
683,afr
684,eng
685,nso
686,nbl
687,sot
688,ssw
689,tsn
690,tso
691,ven
692,xho
693,zul
694,afr
695,eng
696,nso
697,nbl
698,sot
699,ssw
700,tsn
701,tso
702,ven
703,xho
704,zul
705,afr
706,eng
707,nso
708,nbl
709,sot
710,ssw
711,tsn
712,tso
713,ven
714,xho
715,zul
716,afr
717,eng
718,nso
719,nbl
720,sot
721,ssw
722,tsn
723,tso
724,ven
725,xho
726,zul
727,afr
728,eng
729,nso
730,nbl
731,sot
732,ssw
733,tsn
734,tso
735,ven
736,xho
737,zul
738,afr
739,eng
740,nso
741,nbl
742,sot
743,ssw
744,tsn
745,tso
746,ven
747,xho
748,zul
749,afr
750,eng
751,nso
752,nbl
753,sot
754,ssw
755,tsn
756,tso
757,ven
758,xho
759,zul
760,afr
761,eng
762,nso
763,nbl
764,sot
765,ssw
766,tsn
767,tso
768,ven
769,xho
770,zul
771,afr
772,eng
773,nso
774,nbl
775,sot
776,ssw
777,tsn
778,tso
779,ven
780,xho
781,zul
782,afr
783,eng
784,nso
785,nbl
786,sot
787,ssw
788,tsn
789,tso
790,ven
791,xho
792,zul
793,afr
794,eng
795,nso
796,nbl
797,sot
798,ssw
799,tsn
800,tso
801,ven
802,xho
803,zul
804,afr
805,eng
806,nso
807,nbl
808,sot
809,ssw
810,tsn
811,tso
812,ven
813,xho
814,zul
815,afr
816,eng
817,nso
818,nbl
819,sot
820,ssw
821,tsn
822,tso
823,ven
824,xho
825,zul
826,afr
827,eng
828,nso
829,nbl
830,sot
831,ssw
832,tsn
833,tso
834,ven
835,xho
836,zul
837,afr
838,eng
839,nso
840,nbl
841,sot
842,ssw
843,tsn
844,tso
845,ven
846,xho
847,zul
848,afr
849,eng
850,nso
851,nbl
852,sot
853,ssw
854,tsn
855,tso
856,ven
857,xho
858,zul
859,afr
860,eng
861,nso
862,nbl
863,sot
864,ssw
865,tsn
866,tso
867,ven
868,xho
869,zul
870,afr
871,eng
872,nso
873,nbl
874,sot
875,ssw
876,tsn
877,tso
878,ven
879,xho
880,zul
881,afr
882,eng
883,nso
884,nbl
885,sot
886,ssw
887,tsn
888,tso
889,ven
890,xho
891,zul
892,afr
893,eng
894,nso
895,nbl
896,sot
897,ssw
898,tsn
899,tso
900,ven
901,xho
902,zul
903,afr
904,eng
905,nso
906,nbl
907,sot
908,ssw
909,tsn
910,tso
911,ven
912,xho
913,zul
914,afr
915,eng
916,nso
917,nbl
918,sot
919,ssw
920,tsn
921,tso
922,ven
923,xho
924,zul
925,afr
926,eng
927,nso
928,nbl
929,sot
930,ssw
931,tsn
932,tso
933,ven
934,xho
935,zul
936,afr
937,eng
938,nso
939,nbl
940,sot
941,ssw
942,tsn
943,tso
944,ven
945,xho
946,zul
947,afr
948,eng
949,nso
950,nbl
951,sot
952,ssw
953,tsn
954,tso
955,ven
956,xho
957,zul
958,afr
959,eng
960,nso
961,nbl
962,sot
963,ssw
964,tsn
965,tso
966,ven
967,xho
968,zul
969,afr
970,eng
971,nso
972,nbl
973,sot
974,ssw
975,tsn
976,tso
977,ven
978,xho
979,zul
980,afr
981,eng
982,nso
983,nbl
984,sot
985,ssw
986,tsn
987,tso
988,ven
989,xho
990,zul
991,afr
992,eng
993,nso
994,nbl
995,sot
996,ssw
997,tsn
998,tso
999,ven
1000,xho
1001,zul
1002,afr
1003,eng
1004,nso
1005,nbl
1006,sot
1007,ssw
1008,tsn
1009,tso
1010,ven
1011,xho
1012,zul
1013,afr
1014,eng
1015,nso
1016,nbl
1017,sot
1018,ssw
1019,tsn
1020,tso
1021,ven
1022,xho
1023,zul
1024,afr
1025,eng
1026,nso
1027,nbl
1028,sot
1029,ssw
1030,tsn
1031,tso
1032,ven
1033,xho
1034,zul
1035,afr
1036,eng
1037,nso
1038,nbl
1039,sot
1040,ssw
1041,tsn
1042,tso
1043,ven
1044,xho
1045,zul
1046,afr
1047,eng
1048,nso
1049,nbl
1050,sot
1051,ssw
1052,tsn
1053,tso
1054,ven
1055,xho
1056,zul
1057,afr
1058,eng
1059,nso
1060,nbl
1061,sot
1062,ssw
1063,tsn
1064,tso
1065,ven
1066,xho
1067,zul
1068,afr
1069,eng
1070,nso
1071,nbl
1072,sot
1073,ssw
1074,tsn
1075,tso
1076,ven
1077,xho
1078,zul
1079,afr
1080,eng
1081,nso
1082,nbl
1083,sot
1084,ssw
1085,tsn
1086,tso
1087,ven
1088,xho
1089,zul
1090,afr
1091,eng
1092,nso
1093,nbl
1094,sot
1095,ssw
1096,tsn
1097,tso
1098,ven
1099,xho
1100,zul
1101,afr
1102,eng
1103,nso
1104,nbl
1105,sot
1106,ssw
1107,tsn
1108,tso
1109,ven
1110,xho
1111,zul
1112,afr
1113,eng
1114,nso
1115,nbl
1116,sot
1117,ssw
1118,tsn
1119,tso
1120,ven
1121,xho
1122,zul
1123,afr
1124,eng
1125,nso
1126,nbl
1127,sot
1128,ssw
1129,tsn
1130,tso
1131,ven
1132,xho
1133,zul
1134,afr
1135,eng
1136,nso
1137,nbl
1138,sot
1139,ssw
1140,tsn
1141,tso
1142,ven
1143,xho
1144,zul
1145,afr
1146,eng
1147,nso
1148,nbl
1149,sot
1150,ssw
1151,tsn
1152,tso
1153,ven
1154,xho
1155,zul
1156,afr
1157,eng
1158,nso
1159,nbl
1160,sot
1161,ssw
1162,tsn
1163,tso
1164,ven
1165,xho
1166,zul
1167,afr
1168,eng
1169,nso
1170,nbl
1171,sot
1172,ssw
1173,tsn
1174,tso
1175,ven
1176,xho
1177,zul
1178,afr
1179,eng
1180,nso
1181,nbl
1182,sot
1183,ssw
1184,tsn
1185,tso
1186,ven
1187,xho
1188,zul
1189,afr
1190,eng
1191,nso
1192,nbl
1193,sot
1194,ssw
1195,tsn
1196,tso
1197,ven
1198,xho
1199,zul
1200,afr
1201,eng
1202,nso
1203,nbl
1204,sot
1205,ssw
1206,tsn
1207,tso
1208,ven
1209,xho
1210,zul
1211,afr
1212,eng
1213,nso
1214,nbl
1215,sot
1216,ssw
1217,tsn
1218,tso
1219,ven
1220,xho
1221,zul
1222,afr
1223,eng
1224,nso
1225,nbl
1226,sot
1227,ssw
1228,tsn
1229,tso
1230,ven
1231,xho
1232,zul
1233,afr
1234,eng
1235,nso
1236,nbl
1237,sot
1238,ssw
1239,tsn
1240,tso
1241,ven
1242,xho
1243,zul
1244,afr
1245,eng
1246,nso
1247,nbl
1248,sot
1249,ssw
1250,tsn
1251,tso
1252,ven
1253,xho
1254,zul
1255,afr
1256,eng
1257,nso
1258,nbl
1259,sot
1260,ssw
1261,tsn
1262,tso
1263,ven
1264,xho
1265,zul
1266,afr
1267,eng
1268,nso
1269,nbl
1270,sot
1271,ssw
1272,tsn
1273,tso
1274,ven
1275,xho
1276,zul
1277,afr
1278,eng
1279,nso
1280,nbl
1281,sot
1282,ssw
1283,tsn
1284,tso
1285,ven
1286,xho
1287,zul
1288,afr
1289,eng
1290,nso
1291,nbl
1292,sot
1293,ssw
1294,tsn
1295,tso
1296,ven
1297,xho
1298,zul
1299,afr
1300,eng
1301,nso
1302,nbl
1303,sot
1304,ssw
1305,tsn
1306,tso
1307,ven
1308,xho
1309,zul
1310,afr
1311,eng
1312,nso
1313,nbl
1314,sot
1315,ssw
1316,tsn
1317,tso
1318,ven
1319,xho
1320,zul
1321,afr
1322,eng
1323,nso
1324,nbl
1325,sot
1326,ssw
1327,tsn
1328,tso
1329,ven
1330,xho
1331,zul
1332,afr
1333,eng
1334,nso
1335,nbl
1336,sot
1337,ssw
1338,tsn
1339,tso
1340,ven
1341,xho
1342,zul
1343,afr
1344,eng
1345,nso
1346,nbl
1347,sot
1348,ssw
1349,tsn
1350,tso
1351,ven
1352,xho
1353,zul
1354,afr
1355,eng
1356,nso
1357,nbl
1358,sot
1359,ssw
1360,tsn
1361,tso
1362,ven
1363,xho
1364,zul
1365,afr
1366,eng
1367,nso
1368,nbl
1369,sot
1370,ssw
1371,tsn
1372,tso
1373,ven
1374,xho
1375,zul
1376,afr
1377,eng
1378,nso
1379,nbl
1380,sot
1381,ssw
1382,tsn
1383,tso
1384,ven
1385,xho
1386,zul
1387,afr
1388,eng
1389,nso
1390,nbl
1391,sot
1392,ssw
1393,tsn
1394,tso
1395,ven
1396,xho
1397,zul
1398,afr
1399,eng
1400,nso
1401,nbl
1402,sot
1403,ssw
1404,tsn
1405,tso
1406,ven
1407,xho
1408,zul
1409,afr
1410,eng
1411,nso
1412,nbl
1413,sot
1414,ssw
1415,tsn
1416,tso
1417,ven
1418,xho
1419,zul
1420,afr
1421,eng
1422,nso
1423,nbl
1424,sot
1425,ssw
1426,tsn
1427,tso
1428,ven
1429,xho
1430,zul
1431,afr
1432,eng
1433,nso
1434,nbl
1435,sot
1436,ssw
1437,tsn
1438,tso
1439,ven
1440,xho
1441,zul
1442,afr
1443,eng
1444,nso
1445,nbl
1446,sot
1447,ssw
1448,tsn
1449,tso
1450,ven
1451,xho
1452,zul
1453,afr
1454,eng
1455,nso
1456,nbl
1457,sot
1458,ssw
1459,tsn
1460,tso
1461,ven
1462,xho
1463,zul
1464,afr
1465,eng
1466,nso
1467,nbl
1468,sot
1469,ssw
1470,tsn
1471,tso
1472,ven
1473,xho
1474,zul
1475,afr
1476,eng
1477,nso
1478,nbl
1479,sot
1480,ssw
1481,tsn
1482,tso
1483,ven
1484,xho
1485,zul
1486,afr
1487,eng
1488,nso
1489,nbl
1490,sot
1491,ssw
1492,tsn
1493,tso
1494,ven
1495,xho
1496,zul
1497,afr
1498,eng
1499,nso
1500,nbl
1501,sot
1502,ssw
1503,tsn
1504,tso
1505,ven
1506,xho
1507,zul
1508,afr
1509,eng
1510,nso
1511,nbl
1512,sot
1513,ssw
1514,tsn
1515,tso
1516,ven
1517,xho
1518,zul
1519,afr
1520,eng
1521,nso
1522,nbl
1523,sot
1524,ssw
1525,tsn
1526,tso
1527,ven
1528,xho
1529,zul
1530,afr
1531,eng
1532,nso
1533,nbl
1534,sot
1535,ssw
1536,tsn
1537,tso
1538,ven
1539,xho
1540,zul
1541,afr
1542,eng
1543,nso
1544,nbl
1545,sot
1546,ssw
1547,tsn
1548,tso
1549,ven
1550,xho
1551,zul
1552,afr
1553,eng
1554,nso
1555,nbl
1556,sot
1557,ssw
1558,tsn
1559,tso
1560,ven
1561,xho
1562,zul
1563,afr
1564,eng
1565,nso
1566,nbl
1567,sot
1568,ssw
1569,tsn
1570,tso
1571,ven
1572,xho
1573,zul
1574,afr
1575,eng
1576,nso
1577,nbl
1578,sot
1579,ssw
1580,tsn
1581,tso
1582,ven
1583,xho
1584,zul
1585,afr
1586,eng
1587,nso
1588,nbl
1589,sot
1590,ssw
1591,tsn
1592,tso
1593,ven
1594,xho
1595,zul
1596,afr
1597,eng
1598,nso
1599,nbl
1600,sot
1601,ssw
1602,tsn
1603,tso
1604,ven
1605,xho
1606,zul
1607,afr
1608,eng
1609,nso
1610,nbl
1611,sot
1612,ssw
1613,tsn
1614,tso
1615,ven
1616,xho
1617,zul
1618,afr
1619,eng
1620,nso
1621,nbl
1622,sot
1623,ssw
1624,tsn
1625,tso
1626,ven
1627,xho
1628,zul
1629,afr
1630,eng
1631,nso
1632,nbl
1633,sot
1634,ssw
1635,tsn
1636,tso
1637,ven
1638,xho
1639,zul
1640,afr
1641,eng
1642,nso
1643,nbl
1644,sot
1645,ssw
1646,tsn
1647,tso
1648,ven
1649,xho
1650,zul
1651,afr
1652,eng
1653,nso
1654,nbl
1655,sot
1656,ssw
1657,tsn
1658,tso
1659,ven
1660,xho
1661,zul
1662,afr
1663,eng
1664,nso
1665,nbl
1666,sot
1667,ssw
1668,tsn
1669,tso
1670,ven
1671,xho
1672,zul
1673,afr
1674,eng
1675,nso
1676,nbl
1677,sot
1678,ssw
1679,tsn
1680,tso
1681,ven
1682,xho
1683,zul
1684,afr
1685,eng
1686,nso
1687,nbl
1688,sot
1689,ssw
1690,tsn
1691,tso
1692,ven
1693,xho
1694,zul
1695,afr
1696,eng
1697,nso
1698,nbl
1699,sot
1700,ssw
1701,tsn
1702,tso
1703,ven
1704,xho
1705,zul
1706,afr
1707,eng
1708,nso
1709,nbl
1710,sot
1711,ssw
1712,tsn
1713,tso
1714,ven
1715,xho
1716,zul
1717,afr
1718,eng
1719,nso
1720,nbl
1721,sot
1722,ssw
1723,tsn
1724,tso
1725,ven
1726,xho
1727,zul
1728,afr
1729,eng
1730,nso
1731,nbl
1732,sot
1733,ssw
1734,tsn
1735,tso
1736,ven
1737,xho
1738,zul
1739,afr
1740,eng
1741,nso
1742,nbl
1743,sot
1744,ssw
1745,tsn
1746,tso
1747,ven
1748,xho
1749,zul
1750,afr
1751,eng
1752,nso
1753,nbl
1754,sot
1755,ssw
1756,tsn
1757,tso
1758,ven
1759,xho
1760,zul
1761,afr
1762,eng
1763,nso
1764,nbl
1765,sot
1766,ssw
1767,tsn
1768,tso
1769,ven
1770,xho
1771,zul
1772,afr
1773,eng
1774,nso
1775,nbl
1776,sot
1777,ssw
1778,tsn
1779,tso
1780,ven
1781,xho
1782,zul
1783,afr
1784,eng
1785,nso
1786,nbl
1787,sot
1788,ssw
1789,tsn
1790,tso
1791,ven
1792,xho
1793,zul
1794,afr
1795,eng
1796,nso
1797,nbl
1798,sot
1799,ssw
1800,tsn
1801,tso
1802,ven
1803,xho
1804,zul
1805,afr
1806,eng
1807,nso
1808,nbl
1809,sot
1810,ssw
1811,tsn
1812,tso
1813,ven
1814,xho
1815,zul
1816,afr
1817,eng
1818,nso
1819,nbl
1820,sot
1821,ssw
1822,tsn
1823,tso
1824,ven
1825,xho
1826,zul
1827,afr
1828,eng
1829,nso
1830,nbl
1831,sot
1832,ssw
1833,tsn
1834,tso
1835,ven
1836,xho
1837,zul
1838,afr
1839,eng
1840,nso
1841,nbl
1842,sot
1843,ssw
1844,tsn
1845,tso
1846,ven
1847,xho
1848,zul
1849,afr
1850,eng
1851,nso
1852,nbl
1853,sot
1854,ssw
1855,tsn
1856,tso
1857,ven
1858,xho
1859,zul
1860,afr
1861,eng
1862,nso
1863,nbl
1864,sot
1865,ssw
1866,tsn
1867,tso
1868,ven
1869,xho
1870,zul
1871,afr
1872,eng
1873,nso
1874,nbl
1875,sot
1876,ssw
1877,tsn
1878,tso
1879,ven
1880,xho
1881,zul
1882,afr
1883,eng
1884,nso
1885,nbl
1886,sot
1887,ssw
1888,tsn
1889,tso
1890,ven
1891,xho
1892,zul
1893,afr
1894,eng
1895,nso
1896,nbl
1897,sot
1898,ssw
1899,tsn
1900,tso
1901,ven
1902,xho
1903,zul
1904,afr
1905,eng
1906,nso
1907,nbl
1908,sot
1909,ssw
1910,tsn
1911,tso
1912,ven
1913,xho
1914,zul
1915,afr
1916,eng
1917,nso
1918,nbl
1919,sot
1920,ssw
1921,tsn
1922,tso
1923,ven
1924,xho
1925,zul
1926,afr
1927,eng
1928,nso
1929,nbl
1930,sot
1931,ssw
1932,tsn
1933,tso
1934,ven
1935,xho
1936,zul
1937,afr
1938,eng
1939,nso
1940,nbl
1941,sot
1942,ssw
1943,tsn
1944,tso
1945,ven
1946,xho
1947,zul
1948,afr
1949,eng
1950,nso
1951,nbl
1952,sot
1953,ssw
1954,tsn
1955,tso
1956,ven
1957,xho
1958,zul
1959,afr
1960,eng
1961,nso
1962,nbl
1963,sot
1964,ssw
1965,tsn
1966,tso
1967,ven
1968,xho
1969,zul
1970,afr
1971,eng
1972,nso
1973,nbl
1974,sot
1975,ssw
1976,tsn
1977,tso
1978,ven
1979,xho
1980,zul
1981,afr
1982,eng
1983,nso
1984,nbl
1985,sot
1986,ssw
1987,tsn
1988,tso
1989,ven
1990,xho
1991,zul
1992,afr
1993,eng
1994,nso
1995,nbl
1996,sot
1997,ssw
1998,tsn
1999,tso
2000,ven
2001,xho
2002,zul
2003,afr
2004,eng
2005,nso
2006,nbl
2007,sot
2008,ssw
2009,tsn
2010,tso
2011,ven
2012,xho
2013,zul
2014,afr
2015,eng
2016,nso
2017,nbl
2018,sot
2019,ssw
2020,tsn
2021,tso
2022,ven
2023,xho
2024,zul
2025,afr
2026,eng
2027,nso
2028,nbl
2029,sot
2030,ssw
2031,tsn
2032,tso
2033,ven
2034,xho
2035,zul
2036,afr
2037,eng
2038,nso
2039,nbl
2040,sot
2041,ssw
2042,tsn
2043,tso
2044,ven
2045,xho
2046,zul
2047,afr
2048,eng
2049,nso
2050,nbl
2051,sot
2052,ssw
2053,tsn
2054,tso
2055,ven
2056,xho
2057,zul
2058,afr
2059,eng
2060,nso
2061,nbl
2062,sot
2063,ssw
2064,tsn
2065,tso
2066,ven
2067,xho
2068,zul
2069,afr
2070,eng
2071,nso
2072,nbl
2073,sot
2074,ssw
2075,tsn
2076,tso
2077,ven
2078,xho
2079,zul
2080,afr
2081,eng
2082,nso
2083,nbl
2084,sot
2085,ssw
2086,tsn
2087,tso
2088,ven
2089,xho
2090,zul
2091,afr
2092,eng
2093,nso
2094,nbl
2095,sot
2096,ssw
2097,tsn
2098,tso
2099,ven
2100,xho
2101,zul
2102,afr
2103,eng
2104,nso
2105,nbl
2106,sot
2107,ssw
2108,tsn
2109,tso
2110,ven
2111,xho
2112,zul
2113,afr
2114,eng
2115,nso
2116,nbl
2117,sot
2118,ssw
2119,tsn
2120,tso
2121,ven
2122,xho
2123,zul
2124,afr
2125,eng
2126,nso
2127,nbl
2128,sot
2129,ssw
2130,tsn
2131,tso
2132,ven
2133,xho
2134,zul
2135,afr
2136,eng
2137,nso
2138,nbl
2139,sot
2140,ssw
2141,tsn
2142,tso
2143,ven
2144,xho
2145,zul
2146,afr
2147,eng
2148,nso
2149,nbl
2150,sot
2151,ssw
2152,tsn
2153,tso
2154,ven
2155,xho
2156,zul
2157,afr
2158,eng
2159,nso
2160,nbl
2161,sot
2162,ssw
2163,tsn
2164,tso
2165,ven
2166,xho
2167,zul
2168,afr
2169,eng
2170,nso
2171,nbl
2172,sot
2173,ssw
2174,tsn
2175,tso
2176,ven
2177,xho
2178,zul
2179,afr
2180,eng
2181,nso
2182,nbl
2183,sot
2184,ssw
2185,tsn
2186,tso
2187,ven
2188,xho
2189,zul
2190,afr
2191,eng
2192,nso
2193,nbl
2194,sot
2195,ssw
2196,tsn
2197,tso
2198,ven
2199,xho
2200,zul
2201,afr
2202,eng
2203,nso
2204,nbl
2205,sot
2206,ssw
2207,tsn
2208,tso
2209,ven
2210,xho
2211,zul
2212,afr
2213,eng
2214,nso
2215,nbl
2216,sot
2217,ssw
2218,tsn
2219,tso
2220,ven
2221,xho
2222,zul
2223,afr
2224,eng
2225,nso
2226,nbl
2227,sot
2228,ssw
2229,tsn
2230,tso
2231,ven
2232,xho
2233,zul
2234,afr
2235,eng
2236,nso
2237,nbl
2238,sot
2239,ssw
2240,tsn
2241,tso
2242,ven
2243,xho
2244,zul
2245,afr
2246,eng
2247,nso
2248,nbl
2249,sot
2250,ssw
2251,tsn
2252,tso
2253,ven
2254,xho
2255,zul
2256,afr
2257,eng
2258,nso
2259,nbl
2260,sot
2261,ssw
2262,tsn
2263,tso
2264,ven
2265,xho
2266,zul
2267,afr
2268,eng
2269,nso
2270,nbl
2271,sot
2272,ssw
2273,tsn
2274,tso
2275,ven
2276,xho
2277,zul
2278,afr
2279,eng
2280,nso
2281,nbl
2282,sot
2283,ssw
2284,tsn
2285,tso
2286,ven
2287,xho
2288,zul
2289,afr
2290,eng
2291,nso
2292,nbl
2293,sot
2294,ssw
2295,tsn
2296,tso
2297,ven
2298,xho
2299,zul
2300,afr
2301,eng
2302,nso
2303,nbl
2304,sot
2305,ssw
2306,tsn
2307,tso
2308,ven
2309,xho
2310,zul
2311,afr
2312,eng
2313,nso
2314,nbl
2315,sot
2316,ssw
2317,tsn
2318,tso
2319,ven
2320,xho
2321,zul
2322,afr
2323,eng
2324,nso
2325,nbl
2326,sot
2327,ssw
2328,tsn
2329,tso
2330,ven
2331,xho
2332,zul
2333,afr
2334,eng
2335,nso
2336,nbl
2337,sot
2338,ssw
2339,tsn
2340,tso
2341,ven
2342,xho
2343,zul
2344,afr
2345,eng
2346,nso
2347,nbl
2348,sot
2349,ssw
2350,tsn
2351,tso
2352,ven
2353,xho
2354,zul
2355,afr
2356,eng
2357,nso
2358,nbl
2359,sot
2360,ssw
2361,tsn
2362,tso
2363,ven
2364,xho
2365,zul
2366,afr
2367,eng
2368,nso
2369,nbl
2370,sot
2371,ssw
2372,tsn
2373,tso
2374,ven
2375,xho
2376,zul
2377,afr
2378,eng
2379,nso
2380,nbl
2381,sot
2382,ssw
2383,tsn
2384,tso
2385,ven
2386,xho
2387,zul
2388,afr
2389,eng
2390,nso
2391,nbl
2392,sot
2393,ssw
2394,tsn
2395,tso
2396,ven
2397,xho
2398,zul
2399,afr
2400,eng
2401,nso
2402,nbl
2403,sot
2404,ssw
2405,tsn
2406,tso
2407,ven
2408,xho
2409,zul
2410,afr
2411,eng
2412,nso
2413,nbl
2414,sot
2415,ssw
2416,tsn
2417,tso
2418,ven
2419,xho
2420,zul
2421,afr
2422,eng
2423,nso
2424,nbl
2425,sot
2426,ssw
2427,tsn
2428,tso
2429,ven
2430,xho
2431,zul
2432,afr
2433,eng
2434,nso
2435,nbl
2436,sot
2437,ssw
2438,tsn
2439,tso
2440,ven
2441,xho
2442,zul
2443,afr
2444,eng
2445,nso
2446,nbl
2447,sot
2448,ssw
2449,tsn
2450,tso
2451,ven
2452,xho
2453,zul
2454,afr
2455,eng
2456,nso
2457,nbl
2458,sot
2459,ssw
2460,tsn
2461,tso
2462,ven
2463,xho
2464,zul
2465,afr
2466,eng
2467,nso
2468,nbl
2469,sot
2470,ssw
2471,tsn
2472,tso
2473,ven
2474,xho
2475,zul
2476,afr
2477,eng
2478,nso
2479,nbl
2480,sot
2481,ssw
2482,tsn
2483,tso
2484,ven
2485,xho
2486,zul
2487,afr
2488,eng
2489,nso
2490,nbl
2491,sot
2492,ssw
2493,tsn
2494,tso
2495,ven
2496,xho
2497,zul
2498,afr
2499,eng
2500,nso
2501,nbl
2502,sot
2503,ssw
2504,tsn
2505,tso
2506,ven
2507,xho
2508,zul
2509,afr
2510,eng
2511,nso
2512,nbl
2513,sot
2514,ssw
2515,tsn
2516,tso
2517,ven
2518,xho
2519,zul
2520,afr
2521,eng
2522,nso
2523,nbl
2524,sot
2525,ssw
2526,tsn
2527,tso
2528,ven
2529,xho
2530,zul
2531,afr
2532,eng
2533,nso
2534,nbl
2535,sot
2536,ssw
2537,tsn
2538,tso
2539,ven
2540,xho
2541,zul
2542,afr
2543,eng
2544,nso
2545,nbl
2546,sot
2547,ssw
2548,tsn
2549,tso
2550,ven
2551,xho
2552,zul
2553,afr
2554,eng
2555,nso
2556,nbl
2557,sot
2558,ssw
2559,tsn
2560,tso
2561,ven
2562,xho
2563,zul
2564,afr
2565,eng
2566,nso
2567,nbl
2568,sot
2569,ssw
2570,tsn
2571,tso
2572,ven
2573,xho
2574,zul
2575,afr
2576,eng
2577,nso
2578,nbl
2579,sot
2580,ssw
2581,tsn
2582,tso
2583,ven
2584,xho
2585,zul
2586,afr
2587,eng
2588,nso
2589,nbl
2590,sot
2591,ssw
2592,tsn
2593,tso
2594,ven
2595,xho
2596,zul
2597,afr
2598,eng
2599,nso
2600,nbl
2601,sot
2602,ssw
2603,tsn
2604,tso
2605,ven
2606,xho
2607,zul
2608,afr
2609,eng
2610,nso
2611,nbl
2612,sot
2613,ssw
2614,tsn
2615,tso
2616,ven
2617,xho
2618,zul
2619,afr
2620,eng
2621,nso
2622,nbl
2623,sot
2624,ssw
2625,tsn
2626,tso
2627,ven
2628,xho
2629,zul
2630,afr
2631,eng
2632,nso
2633,nbl
2634,sot
2635,ssw
2636,tsn
2637,tso
2638,ven
2639,xho
2640,zul
2641,afr
2642,eng
2643,nso
2644,nbl
2645,sot
2646,ssw
2647,tsn
2648,tso
2649,ven
2650,xho
2651,zul
2652,afr
2653,eng
2654,nso
2655,nbl
2656,sot
2657,ssw
2658,tsn
2659,tso
2660,ven
2661,xho
2662,zul
2663,afr
2664,eng
2665,nso
2666,nbl
2667,sot
2668,ssw
2669,tsn
2670,tso
2671,ven
2672,xho
2673,zul
2674,afr
2675,eng
2676,nso
2677,nbl
2678,sot
2679,ssw
2680,tsn
2681,tso
2682,ven
2683,xho
2684,zul
2685,afr
2686,eng
2687,nso
2688,nbl
2689,sot
2690,ssw
2691,tsn
2692,tso
2693,ven
2694,xho
2695,zul
2696,afr
2697,eng
2698,nso
2699,nbl
2700,sot
2701,ssw
2702,tsn
2703,tso
2704,ven
2705,xho
2706,zul
2707,afr
2708,eng
2709,nso
2710,nbl
2711,sot
2712,ssw
2713,tsn
2714,tso
2715,ven
2716,xho
2717,zul
2718,afr
2719,eng
2720,nso
2721,nbl
2722,sot
2723,ssw
2724,tsn
2725,tso
2726,ven
2727,xho
2728,zul
2729,afr
2730,eng
2731,nso
2732,nbl
2733,sot
2734,ssw
2735,tsn
2736,tso
2737,ven
2738,xho
2739,zul
2740,afr
2741,eng
2742,nso
2743,nbl
2744,sot
2745,ssw
2746,tsn
2747,tso
2748,ven
2749,xho
2750,zul
2751,afr
2752,eng
2753,nso
2754,nbl
2755,sot
2756,ssw
2757,tsn
2758,tso
2759,ven
2760,xho
2761,zul
2762,afr
2763,eng
2764,nso
2765,nbl
2766,sot
2767,ssw
2768,tsn
2769,tso
2770,ven
2771,xho
2772,zul
2773,afr
2774,eng
2775,nso
2776,nbl
2777,sot
2778,ssw
2779,tsn
2780,tso
2781,ven
2782,xho
2783,zul
2784,afr
2785,eng
2786,nso
2787,nbl
2788,sot
2789,ssw
2790,tsn
2791,tso
2792,ven
2793,xho
2794,zul
2795,afr
2796,eng
2797,nso
2798,nbl
2799,sot
2800,ssw
2801,tsn
2802,tso
2803,ven
2804,xho
2805,zul
2806,afr
2807,eng
2808,nso
2809,nbl
2810,sot
2811,ssw
2812,tsn
2813,tso
2814,ven
2815,xho
2816,zul
2817,afr
2818,eng
2819,nso
2820,nbl
2821,sot
2822,ssw
2823,tsn
2824,tso
2825,ven
2826,xho
2827,zul
2828,afr
2829,eng
2830,nso
2831,nbl
2832,sot
2833,ssw
2834,tsn
2835,tso
2836,ven
2837,xho
2838,zul
2839,afr
2840,eng
2841,nso
2842,nbl
2843,sot
2844,ssw
2845,tsn
2846,tso
2847,ven
2848,xho
2849,zul
2850,afr
2851,eng
2852,nso
2853,nbl
2854,sot
2855,ssw
2856,tsn
2857,tso
2858,ven
2859,xho
2860,zul
2861,afr
2862,eng
2863,nso
2864,nbl
2865,sot
2866,ssw
2867,tsn
2868,tso
2869,ven
2870,xho
2871,zul
2872,afr
2873,eng
2874,nso
2875,nbl
2876,sot
2877,ssw
2878,tsn
2879,tso
2880,ven
2881,xho
2882,zul
2883,afr
2884,eng
2885,nso
2886,nbl
2887,sot
2888,ssw
2889,tsn
2890,tso
2891,ven
2892,xho
2893,zul
2894,afr
2895,eng
2896,nso
2897,nbl
2898,sot
2899,ssw
2900,tsn
2901,tso
2902,ven
2903,xho
2904,zul
2905,afr
2906,eng
2907,nso
2908,nbl
2909,sot
2910,ssw
2911,tsn
2912,tso
2913,ven
2914,xho
2915,zul
2916,afr
2917,eng
2918,nso
2919,nbl
2920,sot
2921,ssw
2922,tsn
2923,tso
2924,ven
2925,xho
2926,zul
2927,afr
2928,eng
2929,nso
2930,nbl
2931,sot
2932,ssw
2933,tsn
2934,tso
2935,ven
2936,xho
2937,zul
2938,afr
2939,eng
2940,nso
2941,nbl
2942,sot
2943,ssw
2944,tsn
2945,tso
2946,ven
2947,xho
2948,zul
2949,afr
2950,eng
2951,nso
2952,nbl
2953,sot
2954,ssw
2955,tsn
2956,tso
2957,ven
2958,xho
2959,zul
2960,afr
2961,eng
2962,nso
2963,nbl
2964,sot
2965,ssw
2966,tsn
2967,tso
2968,ven
2969,xho
2970,zul
2971,afr
2972,eng
2973,nso
2974,nbl
2975,sot
2976,ssw
2977,tsn
2978,tso
2979,ven
2980,xho
2981,zul
2982,afr
2983,eng
2984,nso
2985,nbl
2986,sot
2987,ssw
2988,tsn
2989,tso
2990,ven
2991,xho
2992,zul
2993,afr
2994,eng
2995,nso
2996,nbl
2997,sot
2998,ssw
2999,tsn
3000,tso
3001,ven
3002,xho
3003,zul
3004,afr
3005,eng
3006,nso
3007,nbl
3008,sot
3009,ssw
3010,tsn
3011,tso
3012,ven
3013,xho
3014,zul
3015,afr
3016,eng
3017,nso
3018,nbl
3019,sot
3020,ssw
3021,tsn
3022,tso
3023,ven
3024,xho
3025,zul
3026,afr
3027,eng
3028,nso
3029,nbl
3030,sot
3031,ssw
3032,tsn
3033,tso
3034,ven
3035,xho
3036,zul
3037,afr
3038,eng
3039,nso
3040,nbl
3041,sot
3042,ssw
3043,tsn
3044,tso
3045,ven
3046,xho
3047,zul
3048,afr
3049,eng
3050,nso
3051,nbl
3052,sot
3053,ssw
3054,tsn
3055,tso
3056,ven
3057,xho
3058,zul
3059,afr
3060,eng
3061,nso
3062,nbl
3063,sot
3064,ssw
3065,tsn
3066,tso
3067,ven
3068,xho
3069,zul
3070,afr
3071,eng
3072,nso
3073,nbl
3074,sot
3075,ssw
3076,tsn
3077,tso
3078,ven
3079,xho
3080,zul
3081,afr
3082,eng
3083,nso
3084,nbl
3085,sot
3086,ssw
3087,tsn
3088,tso
3089,ven
3090,xho
3091,zul
3092,afr
3093,eng
3094,nso
3095,nbl
3096,sot
3097,ssw
3098,tsn
3099,tso
3100,ven
3101,xho
3102,zul
3103,afr
3104,eng
3105,nso
3106,nbl
3107,sot
3108,ssw
3109,tsn
3110,tso
3111,ven
3112,xho
3113,zul
3114,afr
3115,eng
3116,nso
3117,nbl
3118,sot
3119,ssw
3120,tsn
3121,tso
3122,ven
3123,xho
3124,zul
3125,afr
3126,eng
3127,nso
3128,nbl
3129,sot
3130,ssw
3131,tsn
3132,tso
3133,ven
3134,xho
3135,zul
3136,afr
3137,eng
3138,nso
3139,nbl
3140,sot
3141,ssw
3142,tsn
3143,tso
3144,ven
3145,xho
3146,zul
3147,afr
3148,eng
3149,nso
3150,nbl
3151,sot
3152,ssw
3153,tsn
3154,tso
3155,ven
3156,xho
3157,zul
3158,afr
3159,eng
3160,nso
3161,nbl
3162,sot
3163,ssw
3164,tsn
3165,tso
3166,ven
3167,xho
3168,zul
3169,afr
3170,eng
3171,nso
3172,nbl
3173,sot
3174,ssw
3175,tsn
3176,tso
3177,ven
3178,xho
3179,zul
3180,afr
3181,eng
3182,nso
3183,nbl
3184,sot
3185,ssw
3186,tsn
3187,tso
3188,ven
3189,xho
3190,zul
3191,afr
3192,eng
3193,nso
3194,nbl
3195,sot
3196,ssw
3197,tsn
3198,tso
3199,ven
3200,xho
3201,zul
3202,afr
3203,eng
3204,nso
3205,nbl
3206,sot
3207,ssw
3208,tsn
3209,tso
3210,ven
3211,xho
3212,zul
3213,afr
3214,eng
3215,nso
3216,nbl
3217,sot
3218,ssw
3219,tsn
3220,tso
3221,ven
3222,xho
3223,zul
3224,afr
3225,eng
3226,nso
3227,nbl
3228,sot
3229,ssw
3230,tsn
3231,tso
3232,ven
3233,xho
3234,zul
3235,afr
3236,eng
3237,nso
3238,nbl
3239,sot
3240,ssw
3241,tsn
3242,tso
3243,ven
3244,xho
3245,zul
3246,afr
3247,eng
3248,nso
3249,nbl
3250,sot
3251,ssw
3252,tsn
3253,tso
3254,ven
3255,xho
3256,zul
3257,afr
3258,eng
3259,nso
3260,nbl
3261,sot
3262,ssw
3263,tsn
3264,tso
3265,ven
3266,xho
3267,zul
3268,afr
3269,eng
3270,nso
3271,nbl
3272,sot
3273,ssw
3274,tsn
3275,tso
3276,ven
3277,xho
3278,zul
3279,afr
3280,eng
3281,nso
3282,nbl
3283,sot
3284,ssw
3285,tsn
3286,tso
3287,ven
3288,xho
3289,zul
3290,afr
3291,eng
3292,nso
3293,nbl
3294,sot
3295,ssw
3296,tsn
3297,tso
3298,ven
3299,xho
3300,zul
3301,afr
3302,eng
3303,nso
3304,nbl
3305,sot
3306,ssw
3307,tsn
3308,tso
3309,ven
3310,xho
3311,zul
3312,afr
3313,eng
3314,nso
3315,nbl
3316,sot
3317,ssw
3318,tsn
3319,tso
3320,ven
3321,xho
3322,zul
3323,afr
3324,eng
3325,nso
3326,nbl
3327,sot
3328,ssw
3329,tsn
3330,tso
3331,ven
3332,xho
3333,zul
3334,afr
3335,eng
3336,nso
3337,nbl
3338,sot
3339,ssw
3340,tsn
3341,tso
3342,ven
3343,xho
3344,zul
3345,afr
3346,eng
3347,nso
3348,nbl
3349,sot
3350,ssw
3351,tsn
3352,tso
3353,ven
3354,xho
3355,zul
3356,afr
3357,eng
3358,nso
3359,nbl
3360,sot
3361,ssw
3362,tsn
3363,tso
3364,ven
3365,xho
3366,zul
3367,afr
3368,eng
3369,nso
3370,nbl
3371,sot
3372,ssw
3373,tsn
3374,tso
3375,ven
3376,xho
3377,zul
3378,afr
3379,eng
3380,nso
3381,nbl
3382,sot
3383,ssw
3384,tsn
3385,tso
3386,ven
3387,xho
3388,zul
3389,afr
3390,eng
3391,nso
3392,nbl
3393,sot
3394,ssw
3395,tsn
3396,tso
3397,ven
3398,xho
3399,zul
3400,afr
3401,eng
3402,nso
3403,nbl
3404,sot
3405,ssw
3406,tsn
3407,tso
3408,ven
3409,xho
3410,zul
3411,afr
3412,eng
3413,nso
3414,nbl
3415,sot
3416,ssw
3417,tsn
3418,tso
3419,ven
3420,xho
3421,zul
3422,afr
3423,eng
3424,nso
3425,nbl
3426,sot
3427,ssw
3428,tsn
3429,tso
3430,ven
3431,xho
3432,zul
3433,afr
3434,eng
3435,nso
3436,nbl
3437,sot
3438,ssw
3439,tsn
3440,tso
3441,ven
3442,xho
3443,zul
3444,afr
3445,eng
3446,nso
3447,nbl
3448,sot
3449,ssw
3450,tsn
3451,tso
3452,ven
3453,xho
3454,zul
3455,afr
3456,eng
3457,nso
3458,nbl
3459,sot
3460,ssw
3461,tsn
3462,tso
3463,ven
3464,xho
3465,zul
3466,afr
3467,eng
3468,nso
3469,nbl
3470,sot
3471,ssw
3472,tsn
3473,tso
3474,ven
3475,xho
3476,zul
3477,afr
3478,eng
3479,nso
3480,nbl
3481,sot
3482,ssw
3483,tsn
3484,tso
3485,ven
3486,xho
3487,zul
3488,afr
3489,eng
3490,nso
3491,nbl
3492,sot
3493,ssw
3494,tsn
3495,tso
3496,ven
3497,xho
3498,zul
3499,afr
3500,eng
3501,nso
3502,nbl
3503,sot
3504,ssw
3505,tsn
3506,tso
3507,ven
3508,xho
3509,zul
3510,afr
3511,eng
3512,nso
3513,nbl
3514,sot
3515,ssw
3516,tsn
3517,tso
3518,ven
3519,xho
3520,zul
3521,afr
3522,eng
3523,nso
3524,nbl
3525,sot
3526,ssw
3527,tsn
3528,tso
3529,ven
3530,xho
3531,zul
3532,afr
3533,eng
3534,nso
3535,nbl
3536,sot
3537,ssw
3538,tsn
3539,tso
3540,ven
3541,xho
3542,zul
3543,afr
3544,eng
3545,nso
3546,nbl
3547,sot
3548,ssw
3549,tsn
3550,tso
3551,ven
3552,xho
3553,zul
3554,afr
3555,eng
3556,nso
3557,nbl
3558,sot
3559,ssw
3560,tsn
3561,tso
3562,ven
3563,xho
3564,zul
3565,afr
3566,eng
3567,nso
3568,nbl
3569,sot
3570,ssw
3571,tsn
3572,tso
3573,ven
3574,xho
3575,zul
3576,afr
3577,eng
3578,nso
3579,nbl
3580,sot
3581,ssw
3582,tsn
3583,tso
3584,ven
3585,xho
3586,zul
3587,afr
3588,eng
3589,nso
3590,nbl
3591,sot
3592,ssw
3593,tsn
3594,tso
3595,ven
3596,xho
3597,zul
3598,afr
3599,eng
3600,nso
3601,nbl
3602,sot
3603,ssw
3604,tsn
3605,tso
3606,ven
3607,xho
3608,zul
3609,afr
3610,eng
3611,nso
3612,nbl
3613,sot
3614,ssw
3615,tsn
3616,tso
3617,ven
3618,xho
3619,zul
3620,afr
3621,eng
3622,nso
3623,nbl
3624,sot
3625,ssw
3626,tsn
3627,tso
3628,ven
3629,xho
3630,zul
3631,afr
3632,eng
3633,nso
3634,nbl
3635,sot
3636,ssw
3637,tsn
3638,tso
3639,ven
3640,xho
3641,zul
3642,afr
3643,eng
3644,nso
3645,nbl
3646,sot
3647,ssw
3648,tsn
3649,tso
3650,ven
3651,xho
3652,zul
3653,afr
3654,eng
3655,nso
3656,nbl
3657,sot
3658,ssw
3659,tsn
3660,tso
3661,ven
3662,xho
3663,zul
3664,afr
3665,eng
3666,nso
3667,nbl
3668,sot
3669,ssw
3670,tsn
3671,tso
3672,ven
3673,xho
3674,zul
3675,afr
3676,eng
3677,nso
3678,nbl
3679,sot
3680,ssw
3681,tsn
3682,tso
3683,ven
3684,xho
3685,zul
3686,afr
3687,eng
3688,nso
3689,nbl
3690,sot
3691,ssw
3692,tsn
3693,tso
3694,ven
3695,xho
3696,zul
3697,afr
3698,eng
3699,nso
3700,nbl
3701,sot
3702,ssw
3703,tsn
3704,tso
3705,ven
3706,xho
3707,zul
3708,afr
3709,eng
3710,nso
3711,nbl
3712,sot
3713,ssw
3714,tsn
3715,tso
3716,ven
3717,xho
3718,zul
3719,afr
3720,eng
3721,nso
3722,nbl
3723,sot
3724,ssw
3725,tsn
3726,tso
3727,ven
3728,xho
3729,zul
3730,afr
3731,eng
3732,nso
3733,nbl
3734,sot
3735,ssw
3736,tsn
3737,tso
3738,ven
3739,xho
3740,zul
3741,afr
3742,eng
3743,nso
3744,nbl
3745,sot
3746,ssw
3747,tsn
3748,tso
3749,ven
3750,xho
3751,zul
3752,afr
3753,eng
3754,nso
3755,nbl
3756,sot
3757,ssw
3758,tsn
3759,tso
3760,ven
3761,xho
3762,zul
3763,afr
3764,eng
3765,nso
3766,nbl
3767,sot
3768,ssw
3769,tsn
3770,tso
3771,ven
3772,xho
3773,zul
3774,afr
3775,eng
3776,nso
3777,nbl
3778,sot
3779,ssw
3780,tsn
3781,tso
3782,ven
3783,xho
3784,zul
3785,afr
3786,eng
3787,nso
3788,nbl
3789,sot
3790,ssw
3791,tsn
3792,tso
3793,ven
3794,xho
3795,zul
3796,afr
3797,eng
3798,nso
3799,nbl
3800,sot
3801,ssw
3802,tsn
3803,tso
3804,ven
3805,xho
3806,zul
3807,afr
3808,eng
3809,nso
3810,nbl
3811,sot
3812,ssw
3813,tsn
3814,tso
3815,ven
3816,xho
3817,zul
3818,afr
3819,eng
3820,nso
3821,nbl
3822,sot
3823,ssw
3824,tsn
3825,tso
3826,ven
3827,xho
3828,zul
3829,afr
3830,eng
3831,nso
3832,nbl
3833,sot
3834,ssw
3835,tsn
3836,tso
3837,ven
3838,xho
3839,zul
3840,afr
3841,eng
3842,nso
3843,nbl
3844,sot
3845,ssw
3846,tsn
3847,tso
3848,ven
3849,xho
3850,zul
3851,afr
3852,eng
3853,nso
3854,nbl
3855,sot
3856,ssw
3857,tsn
3858,tso
3859,ven
3860,xho
3861,zul
3862,afr
3863,eng
3864,nso
3865,nbl
3866,sot
3867,ssw
3868,tsn
3869,tso
3870,ven
3871,xho
3872,zul
3873,afr
3874,eng
3875,nso
3876,nbl
3877,sot
3878,ssw
3879,tsn
3880,tso
3881,ven
3882,xho
3883,zul
3884,afr
3885,eng
3886,nso
3887,nbl
3888,sot
3889,ssw
3890,tsn
3891,tso
3892,ven
3893,xho
3894,zul
3895,afr
3896,eng
3897,nso
3898,nbl
3899,sot
3900,ssw
3901,tsn
3902,tso
3903,ven
3904,xho
3905,zul
3906,afr
3907,eng
3908,nso
3909,nbl
3910,sot
3911,ssw
3912,tsn
3913,tso
3914,ven
3915,xho
3916,zul
3917,afr
3918,eng
3919,nso
3920,nbl
3921,sot
3922,ssw
3923,tsn
3924,tso
3925,ven
3926,xho
3927,zul
3928,afr
3929,eng
3930,nso
3931,nbl
3932,sot
3933,ssw
3934,tsn
3935,tso
3936,ven
3937,xho
3938,zul
3939,afr
3940,eng
3941,nso
3942,nbl
3943,sot
3944,ssw
3945,tsn
3946,tso
3947,ven
3948,xho
3949,zul
3950,afr
3951,eng
3952,nso
3953,nbl
3954,sot
3955,ssw
3956,tsn
3957,tso
3958,ven
3959,xho
3960,zul
3961,afr
3962,eng
3963,nso
3964,nbl
3965,sot
3966,ssw
3967,tsn
3968,tso
3969,ven
3970,xho
3971,zul
3972,afr
3973,eng
3974,nso
3975,nbl
3976,sot
3977,ssw
3978,tsn
3979,tso
3980,ven
3981,xho
3982,zul
3983,afr
3984,eng
3985,nso
3986,nbl
3987,sot
3988,ssw
3989,tsn
3990,tso
3991,ven
3992,xho
3993,zul
3994,afr
3995,eng
3996,nso
3997,nbl
3998,sot
3999,ssw
4000,tsn
4001,tso
4002,ven
4003,xho
4004,zul
4005,afr
4006,eng
4007,nso
4008,nbl
4009,sot
4010,ssw
4011,tsn
4012,tso
4013,ven
4014,xho
4015,zul
4016,afr
4017,eng
4018,nso
4019,nbl
4020,sot
4021,ssw
4022,tsn
4023,tso
4024,ven
4025,xho
4026,zul
4027,afr
4028,eng
4029,nso
4030,nbl
4031,sot
4032,ssw
4033,tsn
4034,tso
4035,ven
4036,xho
4037,zul
4038,afr
4039,eng
4040,nso
4041,nbl
4042,sot
4043,ssw
4044,tsn
4045,tso
4046,ven
4047,xho
4048,zul
4049,afr
4050,eng
4051,nso
4052,nbl
4053,sot
4054,ssw
4055,tsn
4056,tso
4057,ven
4058,xho
4059,zul
4060,afr
4061,eng
4062,nso
4063,nbl
4064,sot
4065,ssw
4066,tsn
4067,tso
4068,ven
4069,xho
4070,zul
4071,afr
4072,eng
4073,nso
4074,nbl
4075,sot
4076,ssw
4077,tsn
4078,tso
4079,ven
4080,xho
4081,zul
4082,afr
4083,eng
4084,nso
4085,nbl
4086,sot
4087,ssw
4088,tsn
4089,tso
4090,ven
4091,xho
4092,zul
4093,afr
4094,eng
4095,nso
4096,nbl
4097,sot
4098,ssw
4099,tsn
4100,tso
4101,ven
4102,xho
4103,zul
4104,afr
4105,eng
4106,nso
4107,nbl
4108,sot
4109,ssw
4110,tsn
4111,tso
4112,ven
4113,xho
4114,zul
4115,afr
4116,eng
4117,nso
4118,nbl
4119,sot
4120,ssw
4121,tsn
4122,tso
4123,ven
4124,xho
4125,zul
4126,afr
4127,eng
4128,nso
4129,nbl
4130,sot
4131,ssw
4132,tsn
4133,tso
4134,ven
4135,xho
4136,zul
4137,afr
4138,eng
4139,nso
4140,nbl
4141,sot
4142,ssw
4143,tsn
4144,tso
4145,ven
4146,xho
4147,zul
4148,afr
4149,eng
4150,nso
4151,nbl
4152,sot
4153,ssw
4154,tsn
4155,tso
4156,ven
4157,xho
4158,zul
4159,afr
4160,eng
4161,nso
4162,nbl
4163,sot
4164,ssw
4165,tsn
4166,tso
4167,ven
4168,xho
4169,zul
4170,afr
4171,eng
4172,nso
4173,nbl
4174,sot
4175,ssw
4176,tsn
4177,tso
4178,ven
4179,xho
4180,zul
4181,afr
4182,eng
4183,nso
4184,nbl
4185,sot
4186,ssw
4187,tsn
4188,tso
4189,ven
4190,xho
4191,zul
4192,afr
4193,eng
4194,nso
4195,nbl
4196,sot
4197,ssw
4198,tsn
4199,tso
4200,ven
4201,xho
4202,zul
4203,afr
4204,eng
4205,nso
4206,nbl
4207,sot
4208,ssw
4209,tsn
4210,tso
4211,ven
4212,xho
4213,zul
4214,afr
4215,eng
4216,nso
4217,nbl
4218,sot
4219,ssw
4220,tsn
4221,tso
4222,ven
4223,xho
4224,zul
4225,afr
4226,eng
4227,nso
4228,nbl
4229,sot
4230,ssw
4231,tsn
4232,tso
4233,ven
4234,xho
4235,zul
4236,afr
4237,eng
4238,nso
4239,nbl
4240,sot
4241,ssw
4242,tsn
4243,tso
4244,ven
4245,xho
4246,zul
4247,afr
4248,eng
4249,nso
4250,nbl
4251,sot
4252,ssw
4253,tsn
4254,tso
4255,ven
4256,xho
4257,zul
4258,afr
4259,eng
4260,nso
4261,nbl
4262,sot
4263,ssw
4264,tsn
4265,tso
4266,ven
4267,xho
4268,zul
4269,afr
4270,eng
4271,nso
4272,nbl
4273,sot
4274,ssw
4275,tsn
4276,tso
4277,ven
4278,xho
4279,zul
4280,afr
4281,eng
4282,nso
4283,nbl
4284,sot
4285,ssw
4286,tsn
4287,tso
4288,ven
4289,xho
4290,zul
4291,afr
4292,eng
4293,nso
4294,nbl
4295,sot
4296,ssw
4297,tsn
4298,tso
4299,ven
4300,xho
4301,zul
4302,afr
4303,eng
4304,nso
4305,nbl
4306,sot
4307,ssw
4308,tsn
4309,tso
4310,ven
4311,xho
4312,zul
4313,afr
4314,eng
4315,nso
4316,nbl
4317,sot
4318,ssw
4319,tsn
4320,tso
4321,ven
4322,xho
4323,zul
4324,afr
4325,eng
4326,nso
4327,nbl
4328,sot
4329,ssw
4330,tsn
4331,tso
4332,ven
4333,xho
4334,zul
4335,afr
4336,eng
4337,nso
4338,nbl
4339,sot
4340,ssw
4341,tsn
4342,tso
4343,ven
4344,xho
4345,zul
4346,afr
4347,eng
4348,nso
4349,nbl
4350,sot
4351,ssw
4352,tsn
4353,tso
4354,ven
4355,xho
4356,zul
4357,afr
4358,eng
4359,nso
4360,nbl
4361,sot
4362,ssw
4363,tsn
4364,tso
4365,ven
4366,xho
4367,zul
4368,afr
4369,eng
4370,nso
4371,nbl
4372,sot
4373,ssw
4374,tsn
4375,tso
4376,ven
4377,xho
4378,zul
4379,afr
4380,eng
4381,nso
4382,nbl
4383,sot
4384,ssw
4385,tsn
4386,tso
4387,ven
4388,xho
4389,zul
4390,afr
4391,eng
4392,nso
4393,nbl
4394,sot
4395,ssw
4396,tsn
4397,tso
4398,ven
4399,xho
4400,zul
4401,afr
4402,eng
4403,nso
4404,nbl
4405,sot
4406,ssw
4407,tsn
4408,tso
4409,ven
4410,xho
4411,zul
4412,afr
4413,eng
4414,nso
4415,nbl
4416,sot
4417,ssw
4418,tsn
4419,tso
4420,ven
4421,xho
4422,zul
4423,afr
4424,eng
4425,nso
4426,nbl
4427,sot
4428,ssw
4429,tsn
4430,tso
4431,ven
4432,xho
4433,zul
4434,afr
4435,eng
4436,nso
4437,nbl
4438,sot
4439,ssw
4440,tsn
4441,tso
4442,ven
4443,xho
4444,zul
4445,afr
4446,eng
4447,nso
4448,nbl
4449,sot
4450,ssw
4451,tsn
4452,tso
4453,ven
4454,xho
4455,zul
4456,afr
4457,eng
4458,nso
4459,nbl
4460,sot
4461,ssw
4462,tsn
4463,tso
4464,ven
4465,xho
4466,zul
4467,afr
4468,eng
4469,nso
4470,nbl
4471,sot
4472,ssw
4473,tsn
4474,tso
4475,ven
4476,xho
4477,zul
4478,afr
4479,eng
4480,nso
4481,nbl
4482,sot
4483,ssw
4484,tsn
4485,tso
4486,ven
4487,xho
4488,zul
4489,afr
4490,eng
4491,nso
4492,nbl
4493,sot
4494,ssw
4495,tsn
4496,tso
4497,ven
4498,xho
4499,zul
4500,afr
4501,eng
4502,nso
4503,nbl
4504,sot
4505,ssw
4506,tsn
4507,tso
4508,ven
4509,xho
4510,zul
4511,afr
4512,eng
4513,nso
4514,nbl
4515,sot
4516,ssw
4517,tsn
4518,tso
4519,ven
4520,xho
4521,zul
4522,afr
4523,eng
4524,nso
4525,nbl
4526,sot
4527,ssw
4528,tsn
4529,tso
4530,ven
4531,xho
4532,zul
4533,afr
4534,eng
4535,nso
4536,nbl
4537,sot
4538,ssw
4539,tsn
4540,tso
4541,ven
4542,xho
4543,zul
4544,afr
4545,eng
4546,nso
4547,nbl
4548,sot
4549,ssw
4550,tsn
4551,tso
4552,ven
4553,xho
4554,zul
4555,afr
4556,eng
4557,nso
4558,nbl
4559,sot
4560,ssw
4561,tsn
4562,tso
4563,ven
4564,xho
4565,zul
4566,afr
4567,eng
4568,nso
4569,nbl
4570,sot
4571,ssw
4572,tsn
4573,tso
4574,ven
4575,xho
4576,zul
4577,afr
4578,eng
4579,nso
4580,nbl
4581,sot
4582,ssw
4583,tsn
4584,tso
4585,ven
4586,xho
4587,zul
4588,afr
4589,eng
4590,nso
4591,nbl
4592,sot
4593,ssw
4594,tsn
4595,tso
4596,ven
4597,xho
4598,zul
4599,afr
4600,eng
4601,nso
4602,nbl
4603,sot
4604,ssw
4605,tsn
4606,tso
4607,ven
4608,xho
4609,zul
4610,afr
4611,eng
4612,nso
4613,nbl
4614,sot
4615,ssw
4616,tsn
4617,tso
4618,ven
4619,xho
4620,zul
4621,afr
4622,eng
4623,nso
4624,nbl
4625,sot
4626,ssw
4627,tsn
4628,tso
4629,ven
4630,xho
4631,zul
4632,afr
4633,eng
4634,nso
4635,nbl
4636,sot
4637,ssw
4638,tsn
4639,tso
4640,ven
4641,xho
4642,zul
4643,afr
4644,eng
4645,nso
4646,nbl
4647,sot
4648,ssw
4649,tsn
4650,tso
4651,ven
4652,xho
4653,zul
4654,afr
4655,eng
4656,nso
4657,nbl
4658,sot
4659,ssw
4660,tsn
4661,tso
4662,ven
4663,xho
4664,zul
4665,afr
4666,eng
4667,nso
4668,nbl
4669,sot
4670,ssw
4671,tsn
4672,tso
4673,ven
4674,xho
4675,zul
4676,afr
4677,eng
4678,nso
4679,nbl
4680,sot
4681,ssw
4682,tsn
4683,tso
4684,ven
4685,xho
4686,zul
4687,afr
4688,eng
4689,nso
4690,nbl
4691,sot
4692,ssw
4693,tsn
4694,tso
4695,ven
4696,xho
4697,zul
4698,afr
4699,eng
4700,nso
4701,nbl
4702,sot
4703,ssw
4704,tsn
4705,tso
4706,ven
4707,xho
4708,zul
4709,afr
4710,eng
4711,nso
4712,nbl
4713,sot
4714,ssw
4715,tsn
4716,tso
4717,ven
4718,xho
4719,zul
4720,afr
4721,eng
4722,nso
4723,nbl
4724,sot
4725,ssw
4726,tsn
4727,tso
4728,ven
4729,xho
4730,zul
4731,afr
4732,eng
4733,nso
4734,nbl
4735,sot
4736,ssw
4737,tsn
4738,tso
4739,ven
4740,xho
4741,zul
4742,afr
4743,eng
4744,nso
4745,nbl
4746,sot
4747,ssw
4748,tsn
4749,tso
4750,ven
4751,xho
4752,zul
4753,afr
4754,eng
4755,nso
4756,nbl
4757,sot
4758,ssw
4759,tsn
4760,tso
4761,ven
4762,xho
4763,zul
4764,afr
4765,eng
4766,nso
4767,nbl
4768,sot
4769,ssw
4770,tsn
4771,tso
4772,ven
4773,xho
4774,zul
4775,afr
4776,eng
4777,nso
4778,nbl
4779,sot
4780,ssw
4781,tsn
4782,tso
4783,ven
4784,xho
4785,zul
4786,afr
4787,eng
4788,nso
4789,nbl
4790,sot
4791,ssw
4792,tsn
4793,tso
4794,ven
4795,xho
4796,zul
4797,afr
4798,eng
4799,nso
4800,nbl
4801,sot
4802,ssw
4803,tsn
4804,tso
4805,ven
4806,xho
4807,zul
4808,afr
4809,eng
4810,nso
4811,nbl
4812,sot
4813,ssw
4814,tsn
4815,tso
4816,ven
4817,xho
4818,zul
4819,afr
4820,eng
4821,nso
4822,nbl
4823,sot
4824,ssw
4825,tsn
4826,tso
4827,ven
4828,xho
4829,zul
4830,afr
4831,eng
4832,nso
4833,nbl
4834,sot
4835,ssw
4836,tsn
4837,tso
4838,ven
4839,xho
4840,zul
4841,afr
4842,eng
4843,nso
4844,nbl
4845,sot
4846,ssw
4847,tsn
4848,tso
4849,ven
4850,xho
4851,zul
4852,afr
4853,eng
4854,nso
4855,nbl
4856,sot
4857,ssw
4858,tsn
4859,tso
4860,ven
4861,xho
4862,zul
4863,afr
4864,eng
4865,nso
4866,nbl
4867,sot
4868,ssw
4869,tsn
4870,tso
4871,ven
4872,xho
4873,zul
4874,afr
4875,eng
4876,nso
4877,nbl
4878,sot
4879,ssw
4880,tsn
4881,tso
4882,ven
4883,xho
4884,zul
4885,afr
4886,eng
4887,nso
4888,nbl
4889,sot
4890,ssw
4891,tsn
4892,tso
4893,ven
4894,xho
4895,zul
4896,afr
4897,eng
4898,nso
4899,nbl
4900,sot
4901,ssw
4902,tsn
4903,tso
4904,ven
4905,xho
4906,zul
4907,afr
4908,eng
4909,nso
4910,nbl
4911,sot
4912,ssw
4913,tsn
4914,tso
4915,ven
4916,xho
4917,zul
4918,afr
4919,eng
4920,nso
4921,nbl
4922,sot
4923,ssw
4924,tsn
4925,tso
4926,ven
4927,xho
4928,zul
4929,afr
4930,eng
4931,nso
4932,nbl
4933,sot
4934,ssw
4935,tsn
4936,tso
4937,ven
4938,xho
4939,zul
4940,afr
4941,eng
4942,nso
4943,nbl
4944,sot
4945,ssw
4946,tsn
4947,tso
4948,ven
4949,xho
4950,zul
4951,afr
4952,eng
4953,nso
4954,nbl
4955,sot
4956,ssw
4957,tsn
4958,tso
4959,ven
4960,xho
4961,zul
4962,afr
4963,eng
4964,nso
4965,nbl
4966,sot
4967,ssw
4968,tsn
4969,tso
4970,ven
4971,xho
4972,zul
4973,afr
4974,eng
4975,nso
4976,nbl
4977,sot
4978,ssw
4979,tsn
4980,tso
4981,ven
4982,xho
4983,zul
4984,afr
4985,eng
4986,nso
4987,nbl
4988,sot
4989,ssw
4990,tsn
4991,tso
4992,ven
4993,xho
4994,zul
4995,afr
4996,eng
4997,nso
4998,nbl
4999,sot
5000,ssw
5001,tsn
5002,tso
5003,ven
5004,xho
5005,zul
5006,afr
5007,eng
5008,nso
5009,nbl
5010,sot
5011,ssw
5012,tsn
5013,tso
5014,ven
5015,xho
5016,zul
5017,afr
5018,eng
5019,nso
5020,nbl
5021,sot
5022,ssw
5023,tsn
5024,tso
5025,ven
5026,xho
5027,zul
5028,afr
5029,eng
5030,nso
5031,nbl
5032,sot
5033,ssw
5034,tsn
5035,tso
5036,ven
5037,xho
5038,zul
5039,afr
5040,eng
5041,nso
5042,nbl
5043,sot
5044,ssw
5045,tsn
5046,tso
5047,ven
5048,xho
5049,zul
5050,afr
5051,eng
5052,nso
5053,nbl
5054,sot
5055,ssw
5056,tsn
5057,tso
5058,ven
5059,xho
5060,zul
5061,afr
5062,eng
5063,nso
5064,nbl
5065,sot
5066,ssw
5067,tsn
5068,tso
5069,ven
5070,xho
5071,zul
5072,afr
5073,eng
5074,nso
5075,nbl
5076,sot
5077,ssw
5078,tsn
5079,tso
5080,ven
5081,xho
5082,zul
5083,afr
5084,eng
5085,nso
5086,nbl
5087,sot
5088,ssw
5089,tsn
5090,tso
5091,ven
5092,xho
5093,zul
5094,afr
5095,eng
5096,nso
5097,nbl
5098,sot
5099,ssw
5100,tsn
5101,tso
5102,ven
5103,xho
5104,zul
5105,afr
5106,eng
5107,nso
5108,nbl
5109,sot
5110,ssw
5111,tsn
5112,tso
5113,ven
5114,xho
5115,zul
5116,afr
5117,eng
5118,nso
5119,nbl
5120,sot
5121,ssw
5122,tsn
5123,tso
5124,ven
5125,xho
5126,zul
5127,afr
5128,eng
5129,nso
5130,nbl
5131,sot
5132,ssw
5133,tsn
5134,tso
5135,ven
5136,xho
5137,zul
5138,afr
5139,eng
5140,nso
5141,nbl
5142,sot
5143,ssw
5144,tsn
5145,tso
5146,ven
5147,xho
5148,zul
5149,afr
5150,eng
5151,nso
5152,nbl
5153,sot
5154,ssw
5155,tsn
5156,tso
5157,ven
5158,xho
5159,zul
5160,afr
5161,eng
5162,nso
5163,nbl
5164,sot
5165,ssw
5166,tsn
5167,tso
5168,ven
5169,xho
5170,zul
5171,afr
5172,eng
5173,nso
5174,nbl
5175,sot
5176,ssw
5177,tsn
5178,tso
5179,ven
5180,xho
5181,zul
5182,afr
5183,eng
5184,nso
5185,nbl
5186,sot
5187,ssw
5188,tsn
5189,tso
5190,ven
5191,xho
5192,zul
5193,afr
5194,eng
5195,nso
5196,nbl
5197,sot
5198,ssw
5199,tsn
5200,tso
5201,ven
5202,xho
5203,zul
5204,afr
5205,eng
5206,nso
5207,nbl
5208,sot
5209,ssw
5210,tsn
5211,tso
5212,ven
5213,xho
5214,zul
5215,afr
5216,eng
5217,nso
5218,nbl
5219,sot
5220,ssw
5221,tsn
5222,tso
5223,ven
5224,xho
5225,zul
5226,afr
5227,eng
5228,nso
5229,nbl
5230,sot
5231,ssw
5232,tsn
5233,tso
5234,ven
5235,xho
5236,zul
5237,afr
5238,eng
5239,nso
5240,nbl
5241,sot
5242,ssw
5243,tsn
5244,tso
5245,ven
5246,xho
5247,zul
5248,afr
5249,eng
5250,nso
5251,nbl
5252,sot
5253,ssw
5254,tsn
5255,tso
5256,ven
5257,xho
5258,zul
5259,afr
5260,eng
5261,nso
5262,nbl
5263,sot
5264,ssw
5265,tsn
5266,tso
5267,ven
5268,xho
5269,zul
5270,afr
5271,eng
5272,nso
5273,nbl
5274,sot
5275,ssw
5276,tsn
5277,tso
5278,ven
5279,xho
5280,zul
5281,afr
5282,eng
5283,nso
5284,nbl
5285,sot
5286,ssw
5287,tsn
5288,tso
5289,ven
5290,xho
5291,zul
5292,afr
5293,eng
5294,nso
5295,nbl
5296,sot
5297,ssw
5298,tsn
5299,tso
5300,ven
5301,xho
5302,zul
5303,afr
5304,eng
5305,nso
5306,nbl
5307,sot
5308,ssw
5309,tsn
5310,tso
5311,ven
5312,xho
5313,zul
5314,afr
5315,eng
5316,nso
5317,nbl
5318,sot
5319,ssw
5320,tsn
5321,tso
5322,ven
5323,xho
5324,zul
5325,afr
5326,eng
5327,nso
5328,nbl
5329,sot
5330,ssw
5331,tsn
5332,tso
5333,ven
5334,xho
5335,zul
5336,afr
5337,eng
5338,nso
5339,nbl
5340,sot
5341,ssw
5342,tsn
5343,tso
5344,ven
5345,xho
5346,zul
5347,afr
5348,eng
5349,nso
5350,nbl
5351,sot
5352,ssw
5353,tsn
5354,tso
5355,ven
5356,xho
5357,zul
5358,afr
5359,eng
5360,nso
5361,nbl
5362,sot
5363,ssw
5364,tsn
5365,tso
5366,ven
5367,xho
5368,zul
5369,afr
5370,eng
5371,nso
5372,nbl
5373,sot
5374,ssw
5375,tsn
5376,tso
5377,ven
5378,xho
5379,zul
5380,afr
5381,eng
5382,nso
5383,nbl
5384,sot
5385,ssw
5386,tsn
5387,tso
5388,ven
5389,xho
5390,zul
5391,afr
5392,eng
5393,nso
5394,nbl
5395,sot
5396,ssw
5397,tsn
5398,tso
5399,ven
5400,xho
5401,zul
5402,afr
5403,eng
5404,nso
5405,nbl
5406,sot
5407,ssw
5408,tsn
5409,tso
5410,ven
5411,xho
5412,zul
5413,afr
5414,eng
5415,nso
5416,nbl
5417,sot
5418,ssw
5419,tsn
5420,tso
5421,ven
5422,xho
5423,zul
5424,afr
5425,eng
5426,nso
5427,nbl
5428,sot
5429,ssw
5430,tsn
5431,tso
5432,ven
5433,xho
5434,zul
5435,afr
5436,eng
5437,nso
5438,nbl
5439,sot
5440,ssw
5441,tsn
5442,tso
5443,ven
5444,xho
5445,zul
5446,afr
5447,eng
5448,nso
5449,nbl
5450,sot
5451,ssw
5452,tsn
5453,tso
5454,ven
5455,xho
5456,zul
5457,afr
5458,eng
5459,nso
5460,nbl
5461,sot
5462,ssw
5463,tsn
5464,tso
5465,ven
5466,xho
5467,zul
5468,afr
5469,eng
5470,nso
5471,nbl
5472,sot
5473,ssw
5474,tsn
5475,tso
5476,ven
5477,xho
5478,zul
5479,afr
5480,eng
5481,nso
5482,nbl
5483,sot
5484,ssw
5485,tsn
5486,tso
5487,ven
5488,xho
5489,zul
5490,afr
5491,eng
5492,nso
5493,nbl
5494,sot
5495,ssw
5496,tsn
5497,tso
5498,ven
5499,xho
5500,zul
5501,afr
5502,eng
5503,nso
5504,nbl
5505,sot
5506,ssw
5507,tsn
5508,tso
5509,ven
5510,xho
5511,zul
5512,afr
5513,eng
5514,nso
5515,nbl
5516,sot
5517,ssw
5518,tsn
5519,tso
5520,ven
5521,xho
5522,zul
5523,afr
5524,eng
5525,nso
5526,nbl
5527,sot
5528,ssw
5529,tsn
5530,tso
5531,ven
5532,xho
5533,zul
5534,afr
5535,eng
5536,nso
5537,nbl
5538,sot
5539,ssw
5540,tsn
5541,tso
5542,ven
5543,xho
5544,zul
5545,afr
5546,eng
5547,nso
5548,nbl
5549,sot
5550,ssw
5551,tsn
5552,tso
5553,ven
5554,xho
5555,zul
5556,afr
5557,eng
5558,nso
5559,nbl
5560,sot
5561,ssw
5562,tsn
5563,tso
5564,ven
5565,xho
5566,zul
5567,afr
5568,eng
5569,nso
5570,nbl
5571,sot
5572,ssw
5573,tsn
5574,tso
5575,ven
5576,xho
5577,zul
5578,afr
5579,eng
5580,nso
5581,nbl
5582,sot
5583,ssw
5584,tsn
5585,tso
5586,ven
5587,xho
5588,zul
5589,afr
5590,eng
5591,nso
5592,nbl
5593,sot
5594,ssw
5595,tsn
5596,tso
5597,ven
5598,xho
5599,zul
5600,afr
5601,eng
5602,nso
5603,nbl
5604,sot
5605,ssw
5606,tsn
5607,tso
5608,ven
5609,xho
5610,zul
5611,afr
5612,eng
5613,nso
5614,nbl
5615,sot
5616,ssw
5617,tsn
5618,tso
5619,ven
5620,xho
5621,zul
5622,afr
5623,eng
5624,nso
5625,nbl
5626,sot
5627,ssw
5628,tsn
5629,tso
5630,ven
5631,xho
5632,zul
5633,afr
5634,eng
5635,nso
5636,nbl
5637,sot
5638,ssw
5639,tsn
5640,tso
5641,ven
5642,xho
5643,zul
5644,afr
5645,eng
5646,nso
5647,nbl
5648,sot
5649,ssw
5650,tsn
5651,tso
5652,ven
5653,xho
5654,zul
5655,afr
5656,eng
5657,nso
5658,nbl
5659,sot
5660,ssw
5661,tsn
5662,tso
5663,ven
5664,xho
5665,zul
5666,afr
5667,eng
5668,nso
5669,nbl
5670,sot
5671,ssw
5672,tsn
5673,tso
5674,ven
5675,xho
5676,zul
5677,afr
5678,eng
5679,nso
5680,nbl
5681,sot
5682,ssw
